{"dot_product": 10.3923048454, "proj_x_to_y": 2.59807621135}